{
  "timestamp": "2026-06-08T09:45:57.136Z",
  "overall": {
    "totalCases": 70,
    "passedCases": 59,
    "failedCases": 11,
    "avgPrecision": 0.8814285714285715,
    "avgRecall": 0.9099999999999999,
    "avgF1": 0.8862018140589569,
    "passRate": 0.8428571428571429,
    "bySkill": {
      "a11y": {
        "cases": 10,
        "passed": 10,
        "f1": 0.9200000000000002
      },
      "security": {
        "cases": 10,
        "passed": 9,
        "f1": 0.8857142857142858
      },
      "performance": {
        "cases": 10,
        "passed": 6,
        "f1": 0.8254761904761905
      },
      "react": {
        "cases": 10,
        "passed": 9,
        "f1": 0.888888888888889
      },
      "vue": {
        "cases": 10,
        "passed": 8,
        "f1": 0.8
      },
      "nextjs": {
        "cases": 10,
        "passed": 10,
        "f1": 1
      },
      "nuxt": {
        "cases": 10,
        "passed": 7,
        "f1": 0.8833333333333334
      }
    },
    "byDifficulty": {
      "easy": {
        "cases": 35,
        "passed": 31,
        "f1": 0.881904761904762
      },
      "medium": {
        "cases": 22,
        "passed": 19,
        "f1": 0.9151515151515153
      },
      "hard": {
        "cases": 13,
        "passed": 9,
        "f1": 0.8487789987789987
      }
    }
  },
  "regression": {
    "isRegression": false,
    "details": []
  },
  "qualityGate": {
    "passed": true,
    "details": [
      "✅ Pass rate 84.3% >= threshold 80%",
      "✅ F1 score 88.6% >= threshold 80%",
      "✅ a11y F1 92.0% >= 80%",
      "✅ security F1 88.6% >= 80%",
      "✅ performance F1 82.5% >= 80%",
      "✅ react F1 88.9% >= 80%",
      "✅ vue F1 80.0% >= 80%",
      "✅ nextjs F1 100.0% >= 80%",
      "✅ nuxt F1 88.3% >= 80%"
    ]
  }
}